{
    "Windows": {
        "native": {
            "generate": 4.8353675,
            "write": 0.1872544000000005,
            "read": 0.08058039999999966,
            "copy": 0.2863246000000004,
            "rename": 0.0016604999999998427,
            "delete": 0.015989299999999318,
            "delete2": 0.017271200000000597
        },
        "cross_perf_test": {
            "Ubuntu": {
                "generate": 4.8840102,
                "write": 25.853102099999997,
                "read": 1.0839096999999995,
                "copy": 8.2246977,
                "rename": 0.010614000000003898,
                "delete": 0.03925320000000454,
                "delete2": 0.04140199999999794
            },
            "Ubuntu_WSL2_test": {
                "generate": 5.062911299999996,
                "write": 24.94193990000001,
                "read": 1.4079364000000112,
                "copy": 8.4750595,
                "rename": 0.009285500000004276,
                "delete": 0.039692099999996344,
                "delete2": 0.04777140000000202
            }
        }
    },
    "Ubuntu": {
        "cross_perf_test": {
            "Windows": {
                "delete": 0.015625,
                "write": 0.046875,
                "read": 0.40625,
                "delete2": 0.015625,
                "generate": 9.125,
                "copy": 0.34375,
                "rename": 0.0
            }
        },
        "native": {
            "delete": 0.015625,
            "write": 0.078125,
            "read": 0.4375,
            "delete2": 0.015625,
            "generate": 10.953125,
            "copy": 0.328125,
            "rename": 0.0
        }
    },
    "Ubuntu_WSL2_test": {
        "native": {
            "delete": 0.020967999999999876,
            "rename": 8.700000000017027e-05,
            "copy": 0.17480600000000002,
            "delete2": 0.02389999999999981,
            "read": 0.030140999999999973,
            "write": 0.0845149999999999,
            "generate": 1.540538
        },
        "cross_perf_test": {
            "Windows": {
                "delete": 0.0004499999999998394,
                "rename": 0.0007719999999995508,
                "copy": 1.6987000000000005,
                "delete2": 0.0004030000000003753,
                "read": 0.5383970000000002,
                "write": 0.5279039999999999,
                "generate": 1.484559
            }
        }
    }
}